<?xml version="1.0" encoding="UTF-8"?>
<!-- Created with TexturePacker http://texturepacker.com-->
<!-- $TexturePacker:SmartUpdate:7bdbc3721d70a09a38a0ceb22ccec543$ -->
<TextureAtlas imagePath="gameObjects.png">
    <SubTexture name="Instruccion-categoria" x="1728" y="114" width="288" height="80"/>
    <SubTexture name="aceptar_hovered" x="1902" y="960" width="144" height="46" frameX="0" frameY="0" frameWidth="144" frameHeight="48"/>
    <SubTexture name="aceptar_normal" x="1902" y="912" width="144" height="46" frameX="0" frameY="0" frameWidth="144" frameHeight="48"/>
    <SubTexture name="aceptar_pressed" x="1327" y="862" width="144" height="46" frameX="0" frameY="0" frameWidth="144" frameHeight="48"/>
    <SubTexture name="bande1" x="1713" y="1114" width="70" height="74" frameX="0" frameY="-22" frameWidth="96" frameHeight="96"/>
    <SubTexture name="bande2" x="1093" y="1018" width="54" height="76" frameX="-18" frameY="-20" frameWidth="96" frameHeight="96"/>
    <SubTexture name="bande3" x="1713" y="1028" width="70" height="84" frameX="-12" frameY="-12" frameWidth="96" frameHeight="96"/>
    <SubTexture name="bande4" x="1639" y="1028" width="72" height="88" frameX="-12" frameY="-8" frameWidth="96" frameHeight="96"/>
    <SubTexture name="btn_compartir_hovered" x="2" y="481" width="417" height="46"/>
    <SubTexture name="btn_compartir_inactive" x="2" y="433" width="417" height="46"/>
    <SubTexture name="btn_compartir_normal" x="2" y="385" width="417" height="46"/>
    <SubTexture name="btn_compartir_pressed" x="2" y="433" width="417" height="46"/>
    <SubTexture name="btn_elegido" x="420" y="685" width="144" height="48"/>
    <SubTexture name="btn_usar_hovered" x="420" y="635" width="144" height="48"/>
    <SubTexture name="btn_usar_normal" x="420" y="585" width="144" height="48"/>
    <SubTexture name="btn_usar_pressed" x="420" y="535" width="144" height="48"/>
    <SubTexture name="btn_vacio" x="421" y="485" width="144" height="48"/>
    <SubTexture name="cancelar_hovered" x="1327" y="814" width="144" height="46" frameX="0" frameY="0" frameWidth="144" frameHeight="48"/>
    <SubTexture name="cancelar_normal" x="1331" y="766" width="144" height="46" frameX="0" frameY="0" frameWidth="144" frameHeight="48"/>
    <SubTexture name="cancelar_pressed" x="774" y="830" width="144" height="46" frameX="0" frameY="0" frameWidth="144" frameHeight="48"/>
    <SubTexture name="chiqui_1" x="872" y="972" width="45" height="45"/>
    <SubTexture name="chiqui_2" x="872" y="925" width="45" height="45"/>
    <SubTexture name="chiqui_3" x="872" y="878" width="45" height="45"/>
    <SubTexture name="chiqui_4" x="1855" y="951" width="45" height="45"/>
    <SubTexture name="chiqui_5" x="1855" y="904" width="45" height="45"/>
    <SubTexture name="comprar_hovered" x="774" y="782" width="144" height="46" frameX="0" frameY="0" frameWidth="144" frameHeight="48"/>
    <SubTexture name="comprar_normal" x="420" y="783" width="144" height="46" frameX="0" frameY="0" frameWidth="144" frameHeight="48"/>
    <SubTexture name="comprar_pressed" x="420" y="735" width="144" height="46" frameX="0" frameY="0" frameWidth="144" frameHeight="48"/>
    <SubTexture name="continuar_hovered" x="1685" y="812" width="206" height="44" frameX="0" frameY="0" frameWidth="206" frameHeight="46"/>
    <SubTexture name="continuar_normal" x="1119" y="858" width="206" height="44" frameX="0" frameY="0" frameWidth="206" frameHeight="46"/>
    <SubTexture name="continuar_pressed" x="1477" y="798" width="206" height="44" frameX="0" frameY="0" frameWidth="206" frameHeight="46"/>
    <SubTexture name="dale_like_chicha" x="1470" y="974" width="167" height="66"/>
    <SubTexture name="dale_like_flappy" x="1669" y="960" width="167" height="66"/>
    <SubTexture name="down_hovered" x="972" y="1086" width="52" height="34"/>
    <SubTexture name="down_normal" x="1033" y="1068" width="52" height="34"/>
    <SubTexture name="down_pressed" x="1033" y="1032" width="52" height="34"/>
    <SubTexture name="explosa0001" x="977" y="1032" width="54" height="52" frameX="-4" frameY="-4" frameWidth="60" frameHeight="60"/>
    <SubTexture name="explosa0002" x="1584" y="1042" width="52" height="54" frameX="-4" frameY="-4" frameWidth="60" frameHeight="60"/>
    <SubTexture name="explosa0003" x="1819" y="1300" width="50" height="46" frameX="-4" frameY="-8" frameWidth="60" frameHeight="60"/>
    <SubTexture name="explosa0004" x="1524" y="1042" width="58" height="60" frameX="-1" frameY="0" frameWidth="60" frameHeight="60"/>
    <SubTexture name="explosa0005" x="1382" y="1059" width="58" height="60" frameX="-1" frameY="0" frameWidth="60" frameHeight="60"/>
    <SubTexture name="explosa0006" x="1464" y="1042" width="58" height="60" frameX="-1" frameY="0" frameWidth="60" frameHeight="60"/>
    <SubTexture name="explosa0007" x="1957" y="1240" width="58" height="60" frameX="-1" frameY="0" frameWidth="60" frameHeight="60"/>
    <SubTexture name="explosa0008" x="1897" y="1188" width="58" height="60" frameX="-1" frameY="0" frameWidth="60" frameHeight="60"/>
    <SubTexture name="explosb0001" x="977" y="1032" width="54" height="52" frameX="-4" frameY="-4" frameWidth="60" frameHeight="60"/>
    <SubTexture name="explosb0002" x="1584" y="1042" width="52" height="54" frameX="-4" frameY="-4" frameWidth="60" frameHeight="60"/>
    <SubTexture name="explosb0003" x="1819" y="1300" width="50" height="46" frameX="-4" frameY="-8" frameWidth="60" frameHeight="60"/>
    <SubTexture name="explosb0004" x="1862" y="1250" width="58" height="48" frameX="-1" frameY="-6" frameWidth="60" frameHeight="60"/>
    <SubTexture name="explosb0005" x="1802" y="1236" width="58" height="48" frameX="-1" frameY="-6" frameWidth="60" frameHeight="60"/>
    <SubTexture name="explosb0006" x="1742" y="1236" width="58" height="48" frameX="-1" frameY="-6" frameWidth="60" frameHeight="60"/>
    <SubTexture name="explosb0007" x="1502" y="1104" width="58" height="54" frameX="-1" frameY="-2" frameWidth="60" frameHeight="60"/>
    <SubTexture name="explosb0008" x="1682" y="1190" width="58" height="48" frameX="-1" frameY="-6" frameWidth="60" frameHeight="60"/>
    <SubTexture name="explosc0001" x="977" y="1032" width="54" height="52" frameX="-4" frameY="-4" frameWidth="60" frameHeight="60"/>
    <SubTexture name="explosc0002" x="1584" y="1042" width="52" height="54" frameX="-4" frameY="-4" frameWidth="60" frameHeight="60"/>
    <SubTexture name="explosc0003" x="1819" y="1300" width="50" height="46" frameX="-4" frameY="-8" frameWidth="60" frameHeight="60"/>
    <SubTexture name="explosc0004" x="466" y="885" width="56" height="52" frameX="-2" frameY="-6" frameWidth="60" frameHeight="60"/>
    <SubTexture name="explosc0005" x="408" y="885" width="56" height="52" frameX="-2" frameY="-6" frameWidth="60" frameHeight="60"/>
    <SubTexture name="explosc0006" x="118" y="799" width="56" height="54" frameX="-2" frameY="-4" frameWidth="60" frameHeight="60"/>
    <SubTexture name="explosc0007" x="524" y="874" width="56" height="52" frameX="-2" frameY="-6" frameWidth="60" frameHeight="60"/>
    <SubTexture name="explosc0008" x="60" y="799" width="56" height="54" frameX="-2" frameY="-4" frameWidth="60" frameHeight="60"/>
    <SubTexture name="explosc0009" x="2" y="799" width="56" height="56" frameX="-2" frameY="-2" frameWidth="60" frameHeight="60"/>
    <SubTexture name="explosc0010" x="350" y="853" width="56" height="52" frameX="-2" frameY="-6" frameWidth="60" frameHeight="60"/>
    <SubTexture name="explosc0011" x="524" y="928" width="56" height="50" frameX="-2" frameY="-8" frameWidth="60" frameHeight="60"/>
    <SubTexture name="explosc0012" x="1442" y="1104" width="58" height="54" frameX="0" frameY="-6" frameWidth="60" frameHeight="60"/>
    <SubTexture name="explosc0013" x="1961" y="1132" width="60" height="44" frameX="0" frameY="-16" frameWidth="60" frameHeight="60"/>
    <SubTexture name="explosc0014" x="1899" y="1156" width="60" height="30" frameX="0" frameY="-30" frameWidth="60" frameHeight="60"/>
    <SubTexture name="flag1" x="2018" y="184" width="12" height="10" frameX="-18" frameY="-86" frameWidth="96" frameHeight="96"/>
    <SubTexture name="flag2" x="2024" y="108" width="14" height="48" frameX="-16" frameY="-48" frameWidth="96" frameHeight="96"/>
    <SubTexture name="flag3" x="2024" y="2" width="18" height="68" frameX="-18" frameY="-28" frameWidth="96" frameHeight="96"/>
    <SubTexture name="flag4" x="1713" y="1114" width="70" height="74" frameX="0" frameY="-22" frameWidth="96" frameHeight="96"/>
    <SubTexture name="flag5" x="1093" y="1018" width="54" height="76" frameX="-18" frameY="-20" frameWidth="96" frameHeight="96"/>
    <SubTexture name="flag6" x="1713" y="1028" width="70" height="84" frameX="-12" frameY="-12" frameWidth="96" frameHeight="96"/>
    <SubTexture name="flag7" x="1639" y="1028" width="72" height="88" frameX="-12" frameY="-8" frameWidth="96" frameHeight="96"/>
    <SubTexture name="flap10_1" x="1201" y="1070" width="50" height="50"/>
    <SubTexture name="flap10_2" x="1149" y="1070" width="50" height="50"/>
    <SubTexture name="flap11_1" x="1767" y="1286" width="50" height="46"/>
    <SubTexture name="flap11_2" x="1715" y="1286" width="50" height="46"/>
    <SubTexture name="flap1_1" x="1441" y="1208" width="48" height="46" frameX="-2" frameY="0" frameWidth="50" frameHeight="46"/>
    <SubTexture name="flap1_2" x="1663" y="1240" width="50" height="46"/>
    <SubTexture name="flap2_1" x="1611" y="1224" width="50" height="46"/>
    <SubTexture name="flap2_2" x="1559" y="1186" width="50" height="46"/>
    <SubTexture name="flap3_1" x="1330" y="1224" width="48" height="46" frameX="-2" frameY="0" frameWidth="50" frameHeight="46"/>
    <SubTexture name="flap3_2" x="1507" y="1160" width="50" height="46"/>
    <SubTexture name="flap4_1" x="1391" y="1208" width="48" height="46" frameX="-2" frameY="0" frameWidth="50" frameHeight="46"/>
    <SubTexture name="flap4_2" x="1280" y="1192" width="48" height="46" frameX="-2" frameY="0" frameWidth="50" frameHeight="46"/>
    <SubTexture name="flap5_1" x="1230" y="1173" width="48" height="46" frameX="-2" frameY="0" frameWidth="50" frameHeight="46"/>
    <SubTexture name="flap5_2" x="1180" y="1173" width="48" height="46" frameX="-2" frameY="0" frameWidth="50" frameHeight="46"/>
    <SubTexture name="flap6_1" x="1351" y="1121" width="50" height="50"/>
    <SubTexture name="flap6_2" x="1299" y="1089" width="50" height="50"/>
    <SubTexture name="flap7_1" x="1201" y="1018" width="50" height="50"/>
    <SubTexture name="flap7_2" x="1149" y="1018" width="50" height="50"/>
    <SubTexture name="flap8_1" x="1785" y="1184" width="50" height="50"/>
    <SubTexture name="flap8_2" x="1785" y="1132" width="50" height="50"/>
    <SubTexture name="flap9_1" x="1785" y="1080" width="50" height="50"/>
    <SubTexture name="flap9_2" x="1785" y="1028" width="50" height="50"/>
    <SubTexture name="fondo_seccion1_marco" x="1158" y="2" width="568" height="562"/>
    <SubTexture name="fondo_seccion2" x="2" y="282" width="568" height="101" frameX="0" frameY="0" frameWidth="568" frameHeight="103"/>
    <SubTexture name="gameover" x="1669" y="858" width="187" height="44"/>
    <SubTexture name="gameoverpp" x="2" y="529" width="416" height="268"/>
    <SubTexture name="getready" x="1669" y="904" width="184" height="54"/>
    <SubTexture name="huevo0" x="1253" y="1060" width="44" height="40" frameX="0" frameY="-4" frameWidth="44" frameHeight="44"/>
    <SubTexture name="huevo1" x="1858" y="858" width="44" height="44"/>
    <SubTexture name="huevo2" x="1253" y="1018" width="44" height="40" frameX="0" frameY="0" frameWidth="44" frameHeight="44"/>
    <SubTexture name="huevo3" x="1742" y="1190" width="40" height="40" frameX="-2" frameY="-2" frameWidth="44" frameHeight="44"/>
    <SubTexture name="imgmedalla1" x="1012" y="888" width="90" height="90"/>
    <SubTexture name="imgmedalla2" x="920" y="852" width="90" height="90"/>
    <SubTexture name="imgmedalla3" x="925" y="760" width="90" height="90"/>
    <SubTexture name="imgmedalla4" x="925" y="668" width="90" height="90"/>
    <SubTexture name="imgmedalla5" x="925" y="576" width="90" height="90"/>
    <SubTexture name="instructions_hovered" x="1119" y="812" width="206" height="44" frameX="0" frameY="0" frameWidth="206" frameHeight="46"/>
    <SubTexture name="instructions_normal" x="1123" y="766" width="206" height="44" frameX="0" frameY="0" frameWidth="206" frameHeight="46"/>
    <SubTexture name="instructions_pressed" x="566" y="828" width="206" height="44" frameX="0" frameY="0" frameWidth="206" frameHeight="46"/>
    <SubTexture name="inventory_hovered" x="1696" y="718" width="206" height="46"/>
    <SubTexture name="inventory_inactive" x="1488" y="704" width="206" height="46"/>
    <SubTexture name="inventory_normal" x="1696" y="670" width="206" height="46"/>
    <SubTexture name="inventory_pressed" x="1488" y="704" width="206" height="46"/>
    <SubTexture name="later_hovered" x="1728" y="436" width="286" height="46"/>
    <SubTexture name="later_inactive" x="1728" y="388" width="286" height="46"/>
    <SubTexture name="later_normal" x="1728" y="340" width="286" height="46"/>
    <SubTexture name="later_pressed" x="1728" y="388" width="286" height="46"/>
    <SubTexture name="logocover1" x="1020" y="446" width="113" height="113"/>
    <SubTexture name="logocover2" x="1020" y="561" width="107" height="113" frameX="-6" frameY="0" frameWidth="113" frameHeight="113"/>
    <SubTexture name="m_inventario_franja" x="572" y="282" width="544" height="62"/>
    <SubTexture name="manu1" x="1104" y="904" width="194" height="112" frameX="0" frameY="-22" frameWidth="194" frameHeight="134"/>
    <SubTexture name="manu2" x="1473" y="844" width="194" height="128" frameX="0" frameY="-6" frameWidth="194" frameHeight="134"/>
    <SubTexture name="meme1_1" x="814" y="1030" width="56" height="48" frameX="-2" frameY="-4" frameWidth="60" frameHeight="60"/>
    <SubTexture name="meme1_2" x="756" y="1030" width="56" height="48" frameX="-2" frameY="-4" frameWidth="60" frameHeight="60"/>
    <SubTexture name="meme1_3" x="698" y="1026" width="56" height="48" frameX="-2" frameY="-4" frameWidth="60" frameHeight="60"/>
    <SubTexture name="meme1_4" x="640" y="1026" width="56" height="48" frameX="-2" frameY="-4" frameWidth="60" frameHeight="60"/>
    <SubTexture name="meme2_1" x="292" y="853" width="56" height="52" frameX="-2" frameY="0" frameWidth="60" frameHeight="60"/>
    <SubTexture name="meme2_2" x="234" y="853" width="56" height="52" frameX="-2" frameY="0" frameWidth="60" frameHeight="60"/>
    <SubTexture name="meme2_3" x="814" y="980" width="56" height="48" frameX="-2" frameY="-4" frameWidth="60" frameHeight="60"/>
    <SubTexture name="meme2_4" x="756" y="980" width="56" height="48" frameX="-2" frameY="-4" frameWidth="60" frameHeight="60"/>
    <SubTexture name="meme3_1" x="698" y="976" width="56" height="48" frameX="-2" frameY="-4" frameWidth="60" frameHeight="60"/>
    <SubTexture name="meme3_2" x="582" y="978" width="56" height="48" frameX="-2" frameY="-4" frameWidth="60" frameHeight="60"/>
    <SubTexture name="meme3_3" x="640" y="976" width="56" height="48" frameX="-2" frameY="-4" frameWidth="60" frameHeight="60"/>
    <SubTexture name="meme3_4" x="919" y="996" width="56" height="48" frameX="-2" frameY="-4" frameWidth="60" frameHeight="60"/>
    <SubTexture name="meme4_1" x="814" y="930" width="56" height="48" frameX="-2" frameY="-4" frameWidth="60" frameHeight="60"/>
    <SubTexture name="meme4_2" x="756" y="930" width="56" height="48" frameX="-2" frameY="-4" frameWidth="60" frameHeight="60"/>
    <SubTexture name="meme4_3" x="698" y="926" width="56" height="48" frameX="-2" frameY="-4" frameWidth="60" frameHeight="60"/>
    <SubTexture name="meme4_4" x="640" y="926" width="56" height="48" frameX="-2" frameY="-4" frameWidth="60" frameHeight="60"/>
    <SubTexture name="meme5_1" x="1455" y="1160" width="50" height="46"/>
    <SubTexture name="meme5_2" x="1403" y="1160" width="50" height="46"/>
    <SubTexture name="meme5_3" x="1026" y="1104" width="50" height="46"/>
    <SubTexture name="meme5_4" x="1087" y="1096" width="50" height="46"/>
    <SubTexture name="meme6_1" x="118" y="855" width="56" height="52" frameX="-2" frameY="-2" frameWidth="60" frameHeight="60"/>
    <SubTexture name="meme6_2" x="2" y="857" width="56" height="52" frameX="-2" frameY="-2" frameWidth="60" frameHeight="60"/>
    <SubTexture name="meme6_3" x="60" y="855" width="56" height="52" frameX="-2" frameY="-2" frameWidth="60" frameHeight="60"/>
    <SubTexture name="meme6_4" x="176" y="853" width="56" height="52" frameX="-2" frameY="-2" frameWidth="60" frameHeight="60"/>
    <SubTexture name="meme7_1" x="582" y="926" width="56" height="50" frameX="-2" frameY="-2" frameWidth="60" frameHeight="60"/>
    <SubTexture name="meme7_2" x="1562" y="1134" width="58" height="50" frameX="-2" frameY="-2" frameWidth="60" frameHeight="60"/>
    <SubTexture name="meme7_3" x="1035" y="980" width="56" height="50" frameX="-2" frameY="-2" frameWidth="60" frameHeight="60"/>
    <SubTexture name="meme7_4" x="977" y="980" width="56" height="50" frameX="-2" frameY="-2" frameWidth="60" frameHeight="60"/>
    <SubTexture name="meme8_1" x="466" y="831" width="56" height="52" frameX="-2" frameY="-2" frameWidth="60" frameHeight="60"/>
    <SubTexture name="meme8_2" x="408" y="831" width="56" height="52" frameX="-2" frameY="-2" frameWidth="60" frameHeight="60"/>
    <SubTexture name="meme8_3" x="350" y="799" width="56" height="52" frameX="-2" frameY="-2" frameWidth="60" frameHeight="60"/>
    <SubTexture name="meme8_4" x="292" y="799" width="56" height="52" frameX="-2" frameY="-2" frameWidth="60" frameHeight="60"/>
    <SubTexture name="meme9_1" x="919" y="944" width="56" height="50" frameX="-2" frameY="-2" frameWidth="60" frameHeight="60"/>
    <SubTexture name="meme9_2" x="814" y="878" width="56" height="50" frameX="-2" frameY="-2" frameWidth="60" frameHeight="60"/>
    <SubTexture name="meme9_3" x="756" y="878" width="56" height="50" frameX="-2" frameY="-2" frameWidth="60" frameHeight="60"/>
    <SubTexture name="meme9_4" x="698" y="874" width="56" height="50" frameX="-2" frameY="-2" frameWidth="60" frameHeight="60"/>
    <SubTexture name="memea11_1" x="1837" y="1116" width="60" height="56" frameX="0" frameY="-4" frameWidth="60" frameHeight="60"/>
    <SubTexture name="memea11_2" x="1838" y="998" width="60" height="58" frameX="0" frameY="-2" frameWidth="60" frameHeight="60"/>
    <SubTexture name="memea11_3" x="1899" y="1098" width="60" height="56" frameX="0" frameY="-4" frameWidth="60" frameHeight="60"/>
    <SubTexture name="memea11_4" x="1837" y="1058" width="60" height="56" frameX="0" frameY="-4" frameWidth="60" frameHeight="60"/>
    <SubTexture name="memeb10_1" x="234" y="799" width="56" height="52" frameX="-2" frameY="0" frameWidth="60" frameHeight="60"/>
    <SubTexture name="memeb10_2" x="176" y="799" width="56" height="52" frameX="-2" frameY="0" frameWidth="60" frameHeight="60"/>
    <SubTexture name="memeb10_3" x="640" y="874" width="56" height="50" frameX="-2" frameY="-2" frameWidth="60" frameHeight="60"/>
    <SubTexture name="memeb10_4" x="582" y="874" width="56" height="50" frameX="-2" frameY="-2" frameWidth="60" frameHeight="60"/>
    <SubTexture name="nosound_hovered" x="1078" y="1144" width="50" height="44" frameX="0" frameY="0" frameWidth="50" frameHeight="46"/>
    <SubTexture name="nosound_normal" x="1139" y="1122" width="50" height="44" frameX="0" frameY="0" frameWidth="50" frameHeight="46"/>
    <SubTexture name="nosound_pressed" x="1975" y="1348" width="50" height="44" frameX="0" frameY="0" frameWidth="50" frameHeight="46"/>
    <SubTexture name="ok" x="1382" y="1029" width="80" height="28"/>
    <SubTexture name="papasf1" x="1638" y="1118" width="58" height="54" frameX="-1" frameY="-2" frameWidth="60" frameHeight="60"/>
    <SubTexture name="papasf2" x="1622" y="1174" width="58" height="48" frameX="-1" frameY="-6" frameWidth="60" frameHeight="60"/>
    <SubTexture name="pausa" x="1728" y="2" width="294" height="110" frameX="-1" frameY="-2" frameWidth="300" frameHeight="112"/>
    <SubTexture name="pausa_hovered" x="1923" y="1348" width="50" height="44" frameX="0" frameY="0" frameWidth="50" frameHeight="46"/>
    <SubTexture name="pausa_normal" x="1975" y="1302" width="50" height="44" frameX="0" frameY="0" frameWidth="50" frameHeight="46"/>
    <SubTexture name="pausa_pressed" x="1871" y="1346" width="50" height="44" frameX="0" frameY="0" frameWidth="50" frameHeight="46"/>
    <SubTexture name="plasma_c01" x="2032" y="184" width="8" height="8" frameX="-56" frameY="-52" frameWidth="120" frameHeight="120"/>
    <SubTexture name="plasma_c02" x="2024" y="90" width="16" height="16" frameX="-52" frameY="-48" frameWidth="120" frameHeight="120"/>
    <SubTexture name="plasma_c03" x="1118" y="282" width="32" height="36" frameX="-44" frameY="-40" frameWidth="120" frameHeight="120"/>
    <SubTexture name="plasma_c04" x="872" y="1061" width="44" height="40" frameX="-40" frameY="-36" frameWidth="120" frameHeight="120"/>
    <SubTexture name="plasma_c05" x="1982" y="1070" width="64" height="60" frameX="-28" frameY="-28" frameWidth="120" frameHeight="120"/>
    <SubTexture name="plasma_c06" x="1300" y="999" width="80" height="88" frameX="-24" frameY="-12" frameWidth="120" frameHeight="120"/>
    <SubTexture name="plasma_c07" x="1904" y="806" width="104" height="104" frameX="-8" frameY="-4" frameWidth="120" frameHeight="120"/>
    <SubTexture name="plasma_c08" x="1904" y="700" width="104" height="104" frameX="-8" frameY="-4" frameWidth="120" frameHeight="120"/>
    <SubTexture name="plasma_c09" x="1017" y="782" width="100" height="104" frameX="-8" frameY="-4" frameWidth="120" frameHeight="120"/>
    <SubTexture name="plasma_c10" x="1904" y="594" width="104" height="104" frameX="-8" frameY="-4" frameWidth="120" frameHeight="120"/>
    <SubTexture name="plasma_c11" x="1017" y="676" width="104" height="104" frameX="-8" frameY="-4" frameWidth="120" frameHeight="120"/>
    <SubTexture name="plasma_c12" x="1900" y="1008" width="80" height="88" frameX="-24" frameY="-12" frameWidth="120" frameHeight="120"/>
    <SubTexture name="plasma_c13" x="1982" y="1008" width="64" height="60" frameX="-28" frameY="-28" frameWidth="120" frameHeight="120"/>
    <SubTexture name="plasma_c14" x="872" y="1019" width="44" height="40" frameX="-40" frameY="-36" frameWidth="120" frameHeight="120"/>
    <SubTexture name="plasma_c15" x="2024" y="90" width="16" height="16" frameX="-52" frameY="-48" frameWidth="120" frameHeight="120"/>
    <SubTexture name="plasma_c16" x="2024" y="72" width="16" height="16" frameX="-52" frameY="-48" frameWidth="120" frameHeight="120"/>
    <SubTexture name="plasma_c17" x="2018" y="158" width="24" height="24" frameX="-48" frameY="-44" frameWidth="120" frameHeight="120"/>
    <SubTexture name="plasma_e1" x="1017" y="782" width="100" height="104" frameX="-8" frameY="-4" frameWidth="120" frameHeight="120"/>
    <SubTexture name="plasma_e2" x="1904" y="594" width="104" height="104" frameX="-8" frameY="-4" frameWidth="120" frameHeight="120"/>
    <SubTexture name="plasma_e3" x="1017" y="676" width="104" height="104" frameX="-8" frameY="-4" frameWidth="120" frameHeight="120"/>
    <SubTexture name="plasma_e4" x="1900" y="1008" width="80" height="88" frameX="-24" frameY="-12" frameWidth="120" frameHeight="120"/>
    <SubTexture name="plasma_e5" x="1982" y="1008" width="64" height="60" frameX="-28" frameY="-28" frameWidth="120" frameHeight="120"/>
    <SubTexture name="plasma_e6" x="872" y="1019" width="44" height="40" frameX="-40" frameY="-36" frameWidth="120" frameHeight="120"/>
    <SubTexture name="plasma_e7" x="2024" y="90" width="16" height="16" frameX="-52" frameY="-48" frameWidth="120" frameHeight="120"/>
    <SubTexture name="plasma_e8" x="2024" y="72" width="16" height="16" frameX="-52" frameY="-48" frameWidth="120" frameHeight="120"/>
    <SubTexture name="plasma_e9" x="2018" y="158" width="24" height="24" frameX="-48" frameY="-44" frameWidth="120" frameHeight="120"/>
    <SubTexture name="play_hovered" x="1488" y="656" width="206" height="46"/>
    <SubTexture name="play_inactive" x="1696" y="622" width="206" height="46"/>
    <SubTexture name="play_normal" x="1696" y="574" width="206" height="46"/>
    <SubTexture name="play_pressed" x="1696" y="622" width="206" height="46"/>
    <SubTexture name="pollobrasa1" x="1961" y="1178" width="58" height="60" frameX="-1" frameY="0" frameWidth="60" frameHeight="60"/>
    <SubTexture name="pollobrasa2" x="1837" y="1174" width="58" height="60" frameX="-1" frameY="0" frameWidth="60" frameHeight="60"/>
    <SubTexture name="pollocover0000" x="1936" y="484" width="110" height="108" frameX="0" frameY="-2" frameWidth="148" frameHeight="110"/>
    <SubTexture name="pollocover0001" x="1020" y="346" width="118" height="98" frameX="0" frameY="-12" frameWidth="148" frameHeight="110"/>
    <SubTexture name="pollocover0002" x="421" y="385" width="148" height="98" frameX="0" frameY="-12" frameWidth="148" frameHeight="110"/>
    <SubTexture name="popup_nuevo_inventario" x="580" y="2" width="576" height="278"/>
    <SubTexture name="popup_nuevo_inventario_comprar" x="2" y="2" width="576" height="278"/>
    <SubTexture name="popup_nuevo_inventario_misio" x="572" y="346" width="446" height="228"/>
    <SubTexture name="regresar_hovered" x="566" y="782" width="206" height="44" frameX="0" frameY="0" frameWidth="206" frameHeight="46"/>
    <SubTexture name="regresar_normal" x="1696" y="766" width="206" height="44" frameX="0" frameY="0" frameWidth="206" frameHeight="46"/>
    <SubTexture name="regresar_pressed" x="1488" y="752" width="206" height="44" frameX="0" frameY="0" frameWidth="206" frameHeight="46"/>
    <SubTexture name="saladdead001" x="1899" y="1156" width="60" height="30" frameX="0" frameY="-30" frameWidth="60" frameHeight="60"/>
    <SubTexture name="saladdead002" x="1899" y="1156" width="60" height="30" frameX="0" frameY="-30" frameWidth="60" frameHeight="60"/>
    <SubTexture name="share" x="1382" y="999" width="80" height="28"/>
    <SubTexture name="sound_hovered" x="1923" y="1302" width="50" height="44" frameX="0" frameY="0" frameWidth="50" frameHeight="46"/>
    <SubTexture name="sound_normal" x="1871" y="1300" width="50" height="44" frameX="0" frameY="0" frameWidth="50" frameHeight="46"/>
    <SubTexture name="sound_pressed" x="1139" y="1122" width="50" height="44" frameX="0" frameY="0" frameWidth="50" frameHeight="46"/>
    <SubTexture name="tb1" x="1341" y="1173" width="48" height="49"/>
    <SubTexture name="tb2" x="1130" y="1168" width="48" height="49"/>
    <SubTexture name="tb3" x="1291" y="1141" width="48" height="49"/>
    <SubTexture name="tb4" x="1241" y="1122" width="48" height="49"/>
    <SubTexture name="tb5" x="1191" y="1122" width="48" height="49"/>
    <SubTexture name="tooltip1" x="1488" y="566" width="206" height="88"/>
    <SubTexture name="tooltip2" x="1728" y="484" width="206" height="88"/>
    <SubTexture name="tooltip_mas_avatares0" x="1300" y="910" width="168" height="87" frameX="0" frameY="-6" frameWidth="168" frameHeight="93"/>
    <SubTexture name="tooltip_mas_avatares1" x="1300" y="910" width="168" height="87" frameX="0" frameY="0" frameWidth="168" frameHeight="93"/>
    <SubTexture name="tutorial1" x="566" y="576" width="357" height="204" frameX="-24" frameY="-4" frameWidth="405" frameHeight="214"/>
    <SubTexture name="tutorial2" x="1129" y="566" width="357" height="198" frameX="-24" frameY="-4" frameWidth="405" frameHeight="214"/>
    <SubTexture name="up_hovered" x="918" y="1082" width="52" height="34"/>
    <SubTexture name="up_normal" x="918" y="1046" width="52" height="34"/>
    <SubTexture name="up_pressed" x="1584" y="1098" width="52" height="34"/>
    <SubTexture name="usenow_hovered" x="1728" y="292" width="286" height="46"/>
    <SubTexture name="usenow_inactive" x="1728" y="244" width="286" height="46"/>
    <SubTexture name="usenow_normal" x="1728" y="196" width="286" height="46"/>
    <SubTexture name="usenow_pressed" x="1728" y="244" width="286" height="46"/>
</TextureAtlas>
